{
  "epoch": 99,
  "train_loss": 1.2791856115552824,
  "validation_loss": 1.4679587226618396,
  "validation_exact_match": 0.0,
  "train_duration_seconds": 21.594685299962293,
  "validation_duration_seconds": 1.7145256000221707,
  "exact_match_duration_seconds": 3.091321300016716,
  "validation_exact_match_ran": true,
  "checkpoint_mode": "warm_start",
  "optimizer_steps": 5,
  "train_token_count": 40808,
  "validation_token_count": 15387
}
