{
  "epoch": 2,
  "train_loss": 0.5904089257552554,
  "validation_loss": 0.6597724611476711,
  "validation_exact_match": 0.0,
  "train_duration_seconds": 40840.28771129999,
  "validation_duration_seconds": 448.3716105000058,
  "exact_match_duration_seconds": 1207.8122223999962,
  "validation_exact_match_ran": true,
  "checkpoint_mode": "warm_start",
  "optimizer_steps": 666,
  "train_token_count": 8149242,
  "validation_token_count": 471199
}
