{
  "epoch": 29,
  "train_loss": 0.5971205713226277,
  "validation_loss": 0.6557453356156258,
  "validation_exact_match": 0.0,
  "train_duration_seconds": 11801.607990799996,
  "validation_duration_seconds": 156.46075099997688,
  "exact_match_duration_seconds": 376.6973666000413,
  "validation_exact_match_ran": true,
  "checkpoint_mode": "warm_start",
  "optimizer_steps": 666,
  "train_token_count": 8149242,
  "validation_token_count": 471199
}
