{
  "epoch": 91,
  "train_loss": 0.9270495359524756,
  "validation_loss": 0.9828667628910809,
  "validation_exact_match": 0.0,
  "train_duration_seconds": 452.8829487003386,
  "validation_duration_seconds": 16.468882398679852,
  "exact_match_duration_seconds": 29.024952499195933,
  "validation_exact_match_ran": true,
  "checkpoint_mode": "fresh",
  "optimizer_steps": 67,
  "train_token_count": 821119,
  "validation_token_count": 102680
}
