{
  "epoch": 14,
  "train_loss": 0.6186461804175127,
  "validation_loss": 0.7134524220850724,
  "validation_exact_match": 0.0,
  "train_duration_seconds": 42569.57646360004,
  "validation_duration_seconds": 499.0156905000331,
  "exact_match_duration_seconds": 1321.6358674999792,
  "validation_exact_match_ran": true,
  "checkpoint_mode": "fresh",
  "optimizer_steps": 666,
  "train_token_count": 7993834,
  "validation_token_count": 462271
}
