{
  "epoch": 100,
  "train_loss": 1.2771646472440181,
  "validation_loss": 1.4571526938758823,
  "validation_exact_match": 0.0,
  "train_duration_seconds": 21.183802399988053,
  "validation_duration_seconds": 1.5900407000153791,
  "exact_match_duration_seconds": 2.8157502000103705,
  "validation_exact_match_ran": true,
  "checkpoint_mode": "warm_start",
  "optimizer_steps": 5,
  "train_token_count": 40887,
  "validation_token_count": 15412
}
