{
  "epoch": 14,
  "train_loss": 0.7103793422147839,
  "validation_loss": 0.8271130633810543,
  "validation_exact_match": 0.0,
  "train_duration_seconds": 34222.78172789997,
  "validation_duration_seconds": 399.85941500007175,
  "exact_match_duration_seconds": 970.7130876999581,
  "validation_exact_match_ran": true,
  "checkpoint_mode": "fresh",
  "optimizer_steps": 666,
  "train_token_count": 6520257,
  "validation_token_count": 376993
}
