{
  "epoch": 29,
  "train_loss": 0.6875121199902658,
  "validation_loss": 0.7396487583448755,
  "validation_exact_match": 0.0,
  "train_duration_seconds": 13854.342011300032,
  "validation_duration_seconds": 164.8596942999866,
  "exact_match_duration_seconds": 419.8600099000032,
  "validation_exact_match_ran": true,
  "checkpoint_mode": "warm_start",
  "optimizer_steps": 666,
  "train_token_count": 6738128,
  "validation_token_count": 389572
}
