{
  "epoch": 86,
  "train_loss": 1.096443374559435,
  "validation_loss": 1.1815793101753023,
  "validation_exact_match": 0.0,
  "train_duration_seconds": 504.36082690022886,
  "validation_duration_seconds": 15.28246010094881,
  "exact_match_duration_seconds": 33.369145998731256,
  "validation_exact_match_ran": true,
  "checkpoint_mode": "fresh",
  "optimizer_steps": 67,
  "train_token_count": 628243,
  "validation_token_count": 78544
}
