{
  "epoch": 30,
  "train_loss": 0.805634579261144,
  "validation_loss": 1.290153529047966,
  "train_exact_match": null,
  "validation_exact_match": null
}
